review_id,source_index,text_sha256,original_label,model_alternative_label,human_choice,human_selected_label,human_category,llm_decision,llm_suggested_label,llm_category,agreement
1,9951,867d8ba507be3ba4395fed5f08ac2428de1fb55b3b556633a1897880ca0424ee,Sports,World,A,Sports,original,correct,,original,True
2,140,a48827f25b7dddb9527d0c445efe5475f38ac3b061fb255a31f0508db9962da0,Sci/Tech,World,A,World,alternative,ambiguous,,ambiguous_neither,False
3,77477,e75b368842198e4b34c49846527876feff195d34c1c37b2a07e4e1b74490b3d3,Business,Sci/Tech,B,Business,original,correct,,original,True
4,5546,16ab33b88a8747e1320c865f9dd7e7065889586b267848adc56fd93821f73e50,World,Sci/Tech,B,Sci/Tech,alternative,ambiguous,,ambiguous_neither,False
5,78793,f332d328df1e2812b68008a9103e811e90deb8da7311206d07a31645048fa7a5,Sports,Sci/Tech,A,Sports,original,correct,,original,True
6,43394,c7845f02657472fd0f8dead157575384392baa6b810d3439a3fe41fb79b7ffc6,Business,Sci/Tech,B,Sci/Tech,alternative,correct,,original,False
7,66849,de5e0109c09b1a27db7079e3e9e3b8e086afe4d80da930e7ac62005a85e4c20a,Sports,Business,A,Sports,original,correct,,original,True
8,72820,85cc93fdfbef7ffab9e25363249a080e0c3b4a182fb94204256af3aaf709e36f,Sports,World,A,Sports,original,ambiguous,,ambiguous_neither,False
9,89549,025a185e6cf0868785cf3f9467a569234df23eb1ddd9bc6d3f44b1b06810d046,Sci/Tech,Business,A,Business,alternative,incorrect,Sports,ambiguous_neither,False
10,31572,9842cc6d7d91798066c7b31e975e41f8c9748915451a337dbc4b0676a89affee,World,Sports,A,Sports,alternative,incorrect,Sports,alternative,True
11,17949,bc509afe4ef1c07003d9aa13bc164d2db5d9a6d0796f02ef4a7bfda57c26b009,Sports,Business,A,Business,alternative,incorrect,Business,alternative,True
12,57711,f6e03a9abdea3f2657bd2401dbecf0b2ebc2323a9e6412dc35b6bc18f7914f91,Business,Sci/Tech,A,Business,original,correct,,original,True
13,96599,4fc47c99f7ce0bd3234964f712201783573bba0ac7f1b14179ffb0e3904c55ae,Business,Sci/Tech,B,Business,original,correct,,original,True
14,29122,9857cf5061ec05656a6800987322c5aba0711a5fee728657b6a0c0e9596a0825,Sports,Sci/Tech,A,Sports,original,correct,,original,True
15,17877,b83b03004898db29698d3dbd42de152da3d43e110c5227f3c94da767f2028ee7,Business,Sci/Tech,B,Business,original,correct,,original,True
16,74586,c4ea9ff1a670f7458d8b3e4026be73bb1eb94260e0c32d319f567145ee398ba0,Business,Sci/Tech,B,Business,original,correct,,original,True
17,44278,58a927aad5add255feb3190a1dd90e4ec8a8df8e6fcf0cfaafa3e0a30108be3e,Sci/Tech,Business,A,Business,alternative,ambiguous,,ambiguous_neither,False
18,41806,60fae6d7404bebee2cbd2ffb580b11f9ad3f96aab3193f7fa4ec28c465ff5cff,Sci/Tech,World,A,World,alternative,incorrect,World,alternative,True
19,31362,cf0a3aa95ac99469f74f0777d624756a3f59f2b0872a7ec6c8e28f2429f428dc,World,Sports,B,World,original,incorrect,Sports,alternative,False
20,56027,030e7b9bc458e4de42ece0be98b3122a5b0f79ed87559b224d3db945cc4ed1aa,Business,Sci/Tech,A,Business,original,correct,,original,True
21,83867,99ecf6206bcb0057c2cbcb67f8a52a1f01d5f9257574eea7cdcc611171e44c0d,World,Sports,A,Sports,alternative,incorrect,Sports,alternative,True
22,39303,b44288ac2b7e955b4ae7b127d92f5e030fa262eb855b12f65b2d120db470a9ac,Sports,Business,B,Sports,original,correct,,original,True
23,38628,49c40227ac952f0c691c5962bc78f640b0aadcb70770734f67702f7d0ae32d57,World,Business,A,Business,alternative,incorrect,Business,alternative,True
24,68946,8bcb89e4b9045d323f5048ec5f43bd0b91449816ebeb7cc3a0d30fc8c9282301,Sci/Tech,Business,B,Business,alternative,incorrect,Business,alternative,True
25,52558,bdff9a28f185d9afc7dd3c734338efecc0bf181d4cdef984ca5945b7704fbdac,World,Sports,B,Sports,alternative,incorrect,Sports,alternative,True
26,22358,1a94ab9d7e8647841842084e639e62ac601fe45bda90fe7920dcafd5c382a170,Sci/Tech,Business,A,Business,alternative,ambiguous,,ambiguous_neither,False
27,14688,bb86a831cafa384f50f06d5484f714435cee4b3ed042e193a51907cb60512a6c,World,Business,B,Business,alternative,incorrect,Business,alternative,True
28,2131,3ebb23fe2e1c4e1d8dad178be33357b8e4e7748b718887a9584e7a70118dc161,World,Sports,B,Sports,alternative,incorrect,Sports,alternative,True
29,45330,78f877338ca59691a2d065bb54d09a936f5302e95ae1e451dabcf5bd473367ed,Sci/Tech,World,A,Sci/Tech,original,correct,,original,True
30,107529,aff2916bd615a3445ad769c3ef617e2190bf0b5865a09f1263c32dc72a9019cb,Sports,World,A,Sports,original,correct,,original,True
