run_id,classifier,classifier_display,noise_type,noise_rate,corruption_seed,subset_size,injected_errors,accuracy_noisy,accuracy_clean,cleanlab_flagged,cleanlab_true_positives,cleanlab_false_positives,cleanlab_false_negatives,cleanlab_true_negatives,cleanlab_precision,cleanlab_recall,cleanlab_f1_score,cleanlab_mcc,cleanlab_average_precision,cleanlab_lift,argmax_flagged,argmax_true_positives,argmax_false_positives,argmax_false_negatives,argmax_true_negatives,argmax_precision,argmax_recall,argmax_f1_score,argmax_mcc,argmax_lift
logistic_regression_cyclic_s42,logistic_regression,Logistic regression,cyclic,0.2000000000,42,10000,2000,0.7045000000,0.8559000000,2251,1701,550,299,7450,0.7556641493,0.8505000000,0.8002822865,0.7487163262,0.7295253735,3.7783207463,2955,1823,1132,177,6868,0.6169204738,0.9115000000,0.7358224016,0.6750430576,3.0846023689
logistic_regression_cyclic_s43,logistic_regression,Logistic regression,cyclic,0.2000000000,43,10000,2000,0.7027000000,0.8545000000,2313,1717,596,283,7404,0.7423259836,0.8585000000,0.7961975423,0.7437205762,0.7243340830,3.7116299179,2973,1818,1155,182,6845,0.6115035318,0.9090000000,0.7311482003,0.6691539616,3.0575176589
logistic_regression_cyclic_s44,logistic_regression,Logistic regression,cyclic,0.2000000000,44,10000,2000,0.7012000000,0.8570000000,2332,1749,583,251,7417,0.7500000000,0.8745000000,0.8074792244,0.7582735707,0.7363061124,3.7500000000,2988,1840,1148,160,6852,0.6157965194,0.9200000000,0.7377706496,0.6785630405,3.0789825971
logistic_regression_symmetric_s42,logistic_regression,Logistic regression,symmetric,0.2000000000,42,10000,2000,0.7065000000,0.8694000000,2236,1730,506,270,7494,0.7737030411,0.8650000000,0.8168083097,0.7696978917,0.8950874364,3.8685152057,2935,1919,1016,81,6984,0.6538330494,0.9595000000,0.7777102330,0.7312806764,3.2691652470
logistic_regression_symmetric_s43,logistic_regression,Logistic regression,symmetric,0.2000000000,43,10000,2000,0.7047000000,0.8694000000,2252,1721,531,279,7469,0.7642095915,0.8605000000,0.8095014111,0.7604485928,0.8891980105,3.8210479574,2953,1902,1051,98,6949,0.6440907552,0.9510000000,0.7680193822,0.7186895478,3.2204537758
logistic_regression_symmetric_s44,logistic_regression,Logistic regression,symmetric,0.2000000000,44,10000,2000,0.7057000000,0.8693000000,2238,1749,489,251,7511,0.7815013405,0.8745000000,0.8253893346,0.7806097129,0.8964796452,3.9075067024,2943,1913,1030,87,6970,0.6500169895,0.9565000000,0.7740238721,0.7265307344,3.2500849473
complement_naive_bayes_cyclic_s42,complement_naive_bayes,Complement NB,cyclic,0.2000000000,42,10000,2000,0.7185000000,0.8818000000,2234,1780,454,220,7546,0.7967770815,0.8900000000,0.8408124705,0.8001935311,0.8206206969,3.9838854073,2815,1878,937,122,7063,0.6671403197,0.9390000000,0.7800623053,0.7309929285,3.3357015986
complement_naive_bayes_cyclic_s43,complement_naive_bayes,Complement NB,cyclic,0.2000000000,43,10000,2000,0.7143000000,0.8789000000,2293,1793,500,207,7500,0.7819450502,0.8965000000,0.8353133007,0.7935628621,0.8174263038,3.9097252508,2857,1881,976,119,7024,0.6583829191,0.9405000000,0.7745521927,0.7247416657,3.2919145957
complement_naive_bayes_cyclic_s44,complement_naive_bayes,Complement NB,cyclic,0.2000000000,44,10000,2000,0.7160000000,0.8825000000,2275,1790,485,210,7515,0.7868131868,0.8950000000,0.8374269006,0.7961251245,0.8203524391,3.9340659341,2840,1887,953,113,7047,0.6644366197,0.9435000000,0.7797520661,0.7312554621,3.3221830986
complement_naive_bayes_symmetric_s42,complement_naive_bayes,Complement NB,symmetric,0.2000000000,42,10000,2000,0.7180000000,0.8873000000,2211,1760,451,240,7549,0.7960199005,0.8800000000,0.8359059606,0.7938789538,0.8902235377,3.9800995025,2820,1928,892,72,7108,0.6836879433,0.9640000000,0.8000000000,0.7578226871,3.4184397163
complement_naive_bayes_symmetric_s43,complement_naive_bayes,Complement NB,symmetric,0.2000000000,43,10000,2000,0.7147000000,0.8844000000,2281,1779,502,221,7498,0.7799210872,0.8895000000,0.8311142256,0.7881176103,0.8884412066,3.8996054362,2853,1916,937,84,7063,0.6715737820,0.9580000000,0.7896146713,0.7448668646,3.3578689099
complement_naive_bayes_symmetric_s44,complement_naive_bayes,Complement NB,symmetric,0.2000000000,44,10000,2000,0.7130000000,0.8831000000,2248,1771,477,229,7523,0.7878113879,0.8855000000,0.8338041431,0.7913512190,0.8928316651,3.9390569395,2870,1928,942,72,7058,0.6717770035,0.9640000000,0.7917864476,0.7482952005,3.3588850174
calibrated_linear_svm_cyclic_s42,calibrated_linear_svm,Calibrated linear SVM,cyclic,0.2000000000,42,10000,2000,0.6994000000,0.8462000000,2321,1694,627,306,7373,0.7298578199,0.8470000000,0.7840777598,0.7282568752,0.7175214646,3.6492890995,3006,1803,1203,197,6797,0.5998003992,0.9015000000,0.7203355973,0.6552618841,2.9990019960
calibrated_linear_svm_cyclic_s43,calibrated_linear_svm,Calibrated linear SVM,cyclic,0.2000000000,43,10000,2000,0.6894000000,0.8373000000,2391,1693,698,307,7302,0.7080719364,0.8465000000,0.7711227511,0.7120183918,0.7214530805,3.5403596821,3106,1811,1295,189,6705,0.5830650354,0.9055000000,0.7093615354,0.6428025753,2.9153251771
calibrated_linear_svm_cyclic_s44,calibrated_linear_svm,Calibrated linear SVM,cyclic,0.2000000000,44,10000,2000,0.6925000000,0.8439000000,2424,1719,705,281,7295,0.7091584158,0.8595000000,0.7771247740,0.7200112132,0.7324299272,3.5457920792,3075,1815,1260,185,6740,0.5902439024,0.9075000000,0.7152709360,0.6501129331,2.9512195122
calibrated_linear_svm_symmetric_s42,calibrated_linear_svm,Calibrated linear SVM,symmetric,0.2000000000,42,10000,2000,0.6950000000,0.8558000000,2245,1706,539,294,7461,0.7599109131,0.8530000000,0.8037691402,0.7531408647,0.8691357205,3.7995545657,3050,1914,1136,86,6864,0.6275409836,0.9570000000,0.7580198020,0.7080685063,3.1377049180
calibrated_linear_svm_symmetric_s43,calibrated_linear_svm,Calibrated linear SVM,symmetric,0.2000000000,43,10000,2000,0.6941000000,0.8552000000,2305,1719,586,281,7414,0.7457700651,0.8595000000,0.7986062718,0.7467597005,0.8662837072,3.7288503254,3059,1894,1165,106,6835,0.6191565871,0.9470000000,0.7487645780,0.6956567773,3.0957829356
calibrated_linear_svm_symmetric_s44,calibrated_linear_svm,Calibrated linear SVM,symmetric,0.2000000000,44,10000,2000,0.6900000000,0.8507000000,2310,1735,575,265,7425,0.7510822511,0.8675000000,0.8051044084,0.7550909280,0.8693467067,3.7554112554,3100,1906,1194,94,6806,0.6148387097,0.9530000000,0.7474509804,0.6951452907,3.0741935484
