run_id,noise_type,noise_rate,corruption_seed,subset_size,injected_errors,accuracy_noisy,accuracy_clean,cleanlab_flagged,cleanlab_true_positives,cleanlab_false_positives,cleanlab_false_negatives,cleanlab_true_negatives,cleanlab_precision,cleanlab_recall,cleanlab_f1_score,cleanlab_mcc,cleanlab_average_precision,cleanlab_lift,argmax_flagged,argmax_true_positives,argmax_false_positives,argmax_false_negatives,argmax_true_negatives,argmax_precision,argmax_recall,argmax_f1_score,argmax_mcc,argmax_lift
cyclic_r10_s42,cyclic,0.1,42,10000,1000,0.7937,0.8781,1381,889,492,111,8508,0.6437364228819696,0.889,0.746745065098698,0.7254969148622995,0.7240912009396195,6.437364228819696,2063,945,1118,55,7882,0.45807077072224917,0.945,0.6170421155729676,0.6085118502476992,4.5807077072224915
cyclic_r10_s43,cyclic,0.1,43,10000,1000,0.7993,0.8804,1359,891,468,109,8532,0.6556291390728477,0.891,0.7554048325561679,0.7344994663912685,0.750099567610745,6.556291390728477,2007,943,1064,57,7936,0.46985550572994517,0.943,0.627203192550715,0.6177739811199607,4.698555057299451
cyclic_r10_s44,cyclic,0.1,44,10000,1000,0.7954,0.8765,1376,867,509,133,8491,0.6300872093023255,0.867,0.7297979797979798,0.7057987963441396,0.7252697736846533,6.300872093023255,2046,943,1103,57,7897,0.4608993157380254,0.943,0.6191726854891662,0.6101334357379635,4.608993157380254
cyclic_r20_s42,cyclic,0.2,42,10000,2000,0.7045,0.8559,2251,1701,550,299,7450,0.7556641492669924,0.8505,0.8002822865208186,0.748716326231373,0.7295253735331291,3.778320746334962,2955,1823,1132,177,6868,0.6169204737732656,0.9115,0.7358224016145308,0.6750430575919906,3.084602368866328
cyclic_r20_s43,cyclic,0.2,43,10000,2000,0.7027,0.8545,2313,1717,596,283,7404,0.7423259835711198,0.8585,0.7961975423139346,0.7437205761975073,0.7243340830369273,3.711629917855599,2973,1818,1155,182,6845,0.6115035317860746,0.909,0.7311482002815203,0.6691539615986899,3.057517658930373
cyclic_r20_s44,cyclic,0.2,44,10000,2000,0.7012,0.857,2332,1749,583,251,7417,0.75,0.8745,0.8074792243767313,0.7582735707074233,0.7363061124341589,3.75,2988,1840,1148,160,6852,0.6157965194109772,0.92,0.7377706495589414,0.6785630405103839,3.078982597054886
cyclic_r30_s42,cyclic,0.3,42,10000,3000,0.5963,0.7985,3395,2496,899,504,6101,0.73519882179676,0.832,0.7806098514464427,0.6808658342696998,0.6802815234640504,2.4506627393225333,4037,2597,1440,403,5560,0.6432994798117414,0.8656666666666667,0.7380986215716925,0.6163969314175705,2.1443315993724714
cyclic_r30_s43,cyclic,0.3,43,10000,3000,0.6018,0.8012,3333,2443,890,557,6110,0.7329732973297329,0.8143333333333334,0.7715142902258013,0.6680421959246983,0.6716986882860586,2.443244324432443,3982,2574,1408,426,5592,0.6464088397790055,0.858,0.7373245488398739,0.6148990962484204,2.154696132596685
cyclic_r30_s44,cyclic,0.3,44,10000,3000,0.6038,0.7974,3287,2432,855,568,6145,0.7398843930635838,0.8106666666666666,0.7736599331954827,0.6716924004790624,0.6709695159274336,2.466281310211946,3962,2559,1403,441,5597,0.6458859162039374,0.853,0.7351335823039357,0.6114119358092258,2.1529530540131248
cyclic_r40_s42,cyclic,0.4,42,10000,4000,0.5098,0.6721,4309,2737,1572,1263,4428,0.6351821768391738,0.68425,0.6588037068239257,0.4177271848972495,0.5887452964594405,1.5879554420979343,4902,2932,1970,1068,4030,0.5981232150142799,0.733,0.6587283756459222,0.396566919589438,1.4953080375356997
cyclic_r40_s43,cyclic,0.4,43,10000,4000,0.5077,0.6774,4336,2795,1541,1205,4459,0.6446033210332104,0.69875,0.6705854126679462,0.43685744639652413,0.595406836989692,1.611508302583026,4923,2966,1957,1034,4043,0.6024781637213081,0.7415,0.664798834472711,0.40699015968924235,1.5061954093032703
cyclic_r40_s44,cyclic,0.4,44,10000,4000,0.5174,0.6769,4294,2743,1551,1257,4449,0.6387983232417327,0.68575,0.6614420062695926,0.42285433627181074,0.5856598361510553,1.5969958081043316,4826,2911,1915,1089,4085,0.6031910484873602,0.72775,0.6596419669159304,0.4005709008007731,1.5079776212184004
symmetric_r10_s42,symmetric,0.1,42,10000,1000,0.7949,0.881,1368,872,496,128,8504,0.6374269005847953,0.872,0.7364864864864865,0.7131575414726765,0.8318426468377371,6.374269005847953,2051,962,1089,38,7911,0.4690394929302779,0.962,0.6306129137987545,0.6248534497243021,4.690394929302779
symmetric_r10_s43,symmetric,0.1,43,10000,1000,0.7959,0.879,1338,862,476,138,8524,0.6442451420029895,0.862,0.7373823781009409,0.7130045043230925,0.8359497841988359,6.4424514200298955,2041,960,1081,40,7919,0.47035766780989713,0.96,0.631371259454127,0.6251616603173643,4.703576678098971
symmetric_r10_s44,symmetric,0.1,44,10000,1000,0.7985,0.8805,1338,856,482,144,8518,0.6397608370702541,0.856,0.7322497861420016,0.7071297075283403,0.8232744630090735,6.397608370702541,2015,958,1057,42,7943,0.47543424317617866,0.958,0.6354892205638474,0.6286554604665161,4.754342431761787
symmetric_r20_s42,symmetric,0.2,42,10000,2000,0.7065,0.8694,2236,1730,506,270,7494,0.7737030411449016,0.865,0.8168083097261567,0.7696978916814992,0.8950874364181892,3.868515205724508,2935,1919,1016,81,6984,0.6538330494037479,0.9595,0.7777102330293819,0.7312806763762864,3.2691652470187393
symmetric_r20_s43,symmetric,0.2,43,10000,2000,0.7047,0.8694,2252,1721,531,279,7469,0.7642095914742452,0.8605,0.8095014111006584,0.760448592771173,0.8891980104828138,3.8210479573712255,2953,1902,1051,98,6949,0.6440907551642397,0.951,0.7680193821926106,0.7186895477890043,3.2204537758211984
symmetric_r20_s44,symmetric,0.2,44,10000,2000,0.7057,0.8693,2238,1749,489,251,7511,0.7815013404825737,0.8745,0.8253893345917885,0.7806097128869238,0.8964796451625567,3.9075067024128685,2943,1913,1030,87,6970,0.6500169894665307,0.9565,0.7740238721424236,0.7265307344348149,3.2500849473326534
symmetric_r30_s42,symmetric,0.3,42,10000,3000,0.6107,0.8508,3082,2588,494,412,6506,0.8397144711226476,0.8626666666666667,0.8510358434725419,0.7861048102083804,0.9114436439356005,2.799048237075492,3893,2859,1034,141,5966,0.7343950680708965,0.953,0.829537211664007,0.7568389600948005,2.4479835602363216
symmetric_r30_s43,symmetric,0.3,43,10000,3000,0.6093,0.8489,3072,2581,491,419,6509,0.8401692708333334,0.8603333333333333,0.8501317523056653,0.7849227074516879,0.9124218435912869,2.800564236111111,3907,2840,1067,160,5933,0.7269004351164576,0.9466666666666667,0.822354133487766,0.7459729276604128,2.4230014503881923
symmetric_r30_s44,symmetric,0.3,44,10000,3000,0.6092,0.854,3077,2583,494,417,6506,0.8394540136496588,0.861,0.8500905051834786,0.784804281437426,0.919991193163049,2.798180045498863,3908,2869,1039,131,5961,0.7341351074718526,0.9563333333333334,0.8306311522872033,0.7587742610591154,2.4471170249061753
symmetric_r40_s42,symmetric,0.4,42,10000,4000,0.5146,0.8157,3813,3296,517,704,5483,0.8644112247574088,0.824,0.8437220017918853,0.7442013128096964,0.9202391625152316,2.161028061893522,4854,3751,1103,249,4897,0.7727647301194891,0.93775,0.8473006550711542,0.7389995742485743,1.9319118252987226
symmetric_r40_s43,symmetric,0.4,43,10000,4000,0.5166,0.8164,3835,3332,503,668,5497,0.8688396349413299,0.833,0.8505424377791959,0.7548051278564977,0.9228308409240278,2.1720990873533244,4834,3746,1088,254,4912,0.7749275961936285,0.9365,0.8480869368349558,0.7403173178083949,1.937318990484071
symmetric_r40_s44,symmetric,0.4,44,10000,4000,0.5124,0.8157,3828,3312,516,688,5484,0.8652037617554859,0.828,0.8461931527848748,0.7478432927056742,0.9165789539449993,2.1630094043887147,4876,3766,1110,234,4890,0.7723543888433142,0.9415,0.8485804416403785,0.7414436399837679,1.9308859721082854
